City_ID,City,Country,Lat,Lng,Max Temp,Humidity,Cloudiness,Wind Speed,Current Description
0,Caravelas,BR,-17.7125,-39.2481,66.78,75,80,4.56,broken clouds
1,Alofi,NU,-19.0595,-169.9187,76.89,73,20,10.36,few clouds
2,Bethanien,NA,-26.502,17.1583,58.37,24,0,6.96,clear sky
3,Samarai,PG,-10.6167,150.6667,79.54,78,75,14.67,broken clouds
4,Hobart,AU,-42.8794,147.3294,45.27,88,75,1.01,broken clouds
5,Longyearbyen,SJ,78.2186,15.6401,46.24,76,75,14.97,light rain
6,Saint George,US,37.1041,-113.5841,104.38,18,20,4.0,few clouds
7,Kapaa,US,22.0752,-159.319,86.32,81,1,4.0,clear sky
8,Rochegda,RU,62.8,43.25,60.22,82,100,7.72,overcast clouds
9,Tra Vinh,VN,9.9347,106.3453,78.53,85,100,8.72,overcast clouds
10,Punta Arenas,CL,-53.15,-70.9167,39.31,87,40,28.77,scattered clouds
11,Yellowknife,CA,62.456,-114.3525,90.28,23,75,13.8,smoke
12,Touros,BR,-5.1989,-35.4608,76.1,81,20,16.44,few clouds
13,Dikson,RU,73.5069,80.5464,50.81,81,84,8.34,broken clouds
14,Saint-Philippe,RE,-21.3585,55.7679,66.22,69,9,1.16,clear sky
15,Mar Del Plata,AR,-38.0023,-57.5575,53.13,50,0,8.99,clear sky
16,Broome,US,42.2506,-75.833,72.18,57,20,4.0,few clouds
17,Tonota,BW,-21.4833,27.4833,55.09,23,0,7.83,clear sky
18,Conceicao Do Castelo,BR,-20.3683,-41.2439,46.09,93,52,2.53,broken clouds
19,Tura,IN,25.5198,90.2201,73.8,98,100,3.56,overcast clouds
20,Mataura,NZ,-46.1927,168.8643,48.47,91,100,2.71,overcast clouds
21,Vaini,TO,-21.2,-175.2,73.56,73,75,14.97,broken clouds
22,Lihula,EE,58.6814,23.8453,61.95,88,13,7.02,few clouds
23,Rio Grande,BR,-32.035,-52.0986,50.95,92,8,6.98,clear sky
24,Chokurdakh,RU,70.6333,147.9167,50.05,47,62,9.42,broken clouds
25,Rikitea,PF,-23.1203,-134.9692,69.08,54,79,20.42,broken clouds
26,Concepcion Del Uruguay,AR,-32.4825,-58.2372,54.86,70,0,4.14,clear sky
27,San Rafael,AR,-34.6177,-68.3301,59.22,27,0,11.12,clear sky
28,Richards Bay,ZA,-28.783,32.0377,64.15,82,96,4.5,light rain
29,Fontem,CM,5.4685,9.8818,66.11,97,100,0.83,light rain
30,Port Blair,IN,11.6667,92.75,81.21,82,99,22.03,overcast clouds
31,Bluff,NZ,-46.6,168.3333,48.79,65,79,8.88,broken clouds
32,Saint-Pierre,RE,-21.3393,55.4781,66.29,61,0,8.05,clear sky
33,Izhma,RU,65.0083,53.9113,54.64,96,16,3.31,few clouds
34,Coihaique,CL,-45.5752,-72.0662,47.01,57,20,3.44,few clouds
35,East London,ZA,-33.0153,27.9116,59.45,80,50,18.05,scattered clouds
36,La Ronge,CA,55.1001,-105.2842,84.45,28,40,3.44,smoke
37,Frydlant,CZ,50.9214,15.0797,58.96,86,12,1.99,few clouds
38,Haines Junction,CA,60.7522,-137.5108,71.55,53,95,5.75,overcast clouds
39,Jamestown,US,42.097,-79.2353,72.72,52,75,1.99,broken clouds
40,Sitka,US,57.0531,-135.33,62.49,72,90,14.97,overcast clouds
41,Ponta Do Sol,PT,32.6667,-17.1,72.23,77,9,7.2,clear sky
42,Hami,CN,42.8,93.45,76.1,22,1,6.35,clear sky
43,Kodiak,US,57.79,-152.4072,56.71,77,90,6.91,overcast clouds
44,Lebu,CL,-37.6167,-73.65,52.45,78,17,20.4,few clouds
45,Farah,AF,32.5,62.5,78.3,16,0,4.68,clear sky
46,Lompoc,US,34.6391,-120.4579,92.01,65,1,13.8,clear sky
47,San Patricio,US,28.017,-97.5169,96.78,51,51,13.47,broken clouds
48,Airai,TL,-8.9266,125.4092,60.49,71,75,3.33,broken clouds
49,Esperance,AU,-33.8667,121.9,44.44,80,98,13.15,overcast clouds
50,Panukulan,PH,14.9333,121.8144,84.06,76,100,12.03,overcast clouds
51,Port Elizabeth,ZA,-33.918,25.5701,57.49,82,75,11.5,broken clouds
52,Poddorye,RU,57.4695,31.1156,57.43,94,95,11.52,light rain
53,Ushuaia,AR,-54.8,-68.3,40.66,70,75,23.02,heavy intensity rain
54,Riohacha,CO,11.5444,-72.9072,78.17,90,100,4.43,overcast clouds
55,Yulara,AU,-25.2406,130.9889,35.44,75,0,8.05,clear sky
56,Sinnamary,GF,5.3833,-52.95,78.62,83,46,8.21,scattered clouds
57,New Norfolk,AU,-42.7826,147.0587,44.91,80,100,1.7,overcast clouds
58,Sukhumi,GE,43.0033,41.0153,71.46,90,89,4.76,overcast clouds
59,Valleyview,CA,55.0667,-117.2859,71.64,88,100,5.75,overcast clouds
60,Margate,GB,51.3813,1.3862,62.04,75,100,1.99,overcast clouds
61,Tiksi,RU,71.6872,128.8694,50.65,61,60,4.54,broken clouds
62,Salta,AR,-24.7859,-65.4117,59.59,42,0,1.99,clear sky
63,Cape Town,ZA,-33.9258,18.4232,57.11,94,0,4.61,mist
64,Paragominas,BR,-2.9667,-47.4833,76.59,54,22,3.33,few clouds
65,Smithers,CA,54.7804,-127.1743,84.52,34,20,4.61,few clouds
66,Isangel,VU,-19.55,169.2667,73.51,73,20,9.22,few clouds
67,Marsh Harbour,BS,26.5412,-77.0636,83.82,73,100,9.46,overcast clouds
68,Dasoguz,TM,41.8363,59.9666,78.75,41,0,9.22,clear sky
69,Punta Cardon,VE,11.6581,-70.215,82.2,72,39,31.59,scattered clouds
70,Mahebourg,MU,-20.4081,57.7,59.29,88,20,6.91,few clouds
71,Lorengau,PG,-2.0226,147.2712,82.51,80,22,9.37,few clouds
72,Katsuura,JP,35.1333,140.3,86.14,80,45,10.89,scattered clouds
73,Georgetown,MY,5.4112,100.3354,80.89,88,20,1.01,few clouds
74,Roebourne,AU,-20.7833,117.1333,58.39,28,6,17.74,clear sky
75,Nikolskoye,RU,59.7035,30.7861,62.78,98,100,13.62,light rain
76,Sakaiminato,JP,35.55,133.2333,80.58,83,75,4.61,broken clouds
77,Srednekolymsk,RU,67.45,153.6833,49.62,50,70,11.32,broken clouds
78,Gumla,IN,23.05,84.55,71.87,93,100,3.65,overcast clouds
79,Castro,BR,-24.7911,-50.0119,50.85,81,0,1.77,clear sky
80,Pevek,RU,69.7008,170.3133,35.44,81,90,19.22,overcast clouds
81,Tuatapere,NZ,-46.1333,167.6833,48.81,78,98,3.94,overcast clouds
82,Bilma,NE,18.6853,12.9164,94.64,14,12,11.36,few clouds
83,Lourdes,FR,43.1,-0.05,63.93,82,75,5.75,broken clouds
84,Loreto,MX,22.2667,-101.9667,79.43,30,97,13.27,overcast clouds
85,Chuy,UY,-33.6971,-53.4616,49.21,95,16,6.11,few clouds
86,Puerto Palomas,MX,31.7667,-107.6167,85.33,30,13,9.62,few clouds
87,Bredasdorp,ZA,-34.5322,20.0403,56.28,93,19,4.61,few clouds
88,Hamburg,DE,53.55,10.0,58.01,90,40,4.61,scattered clouds
89,Leh,IN,34.1667,77.5833,61.77,49,19,5.44,light rain
90,Srivardhan,IN,18.0333,73.0167,79.34,86,100,17.94,overcast clouds
91,Brae,GB,60.3964,-1.353,49.91,71,100,1.43,overcast clouds
92,Ribeira Grande,PT,38.5167,-28.7,73.33,92,54,7.16,broken clouds
93,Thompson,CA,55.7435,-97.8558,78.96,41,40,6.91,smoke
94,Vardo,NO,70.3705,31.1107,47.35,83,26,2.24,scattered clouds
95,Gueret,FR,46.1667,1.8667,57.83,96,47,3.36,scattered clouds
96,Faanui,PF,-16.4833,-151.75,79.03,76,65,15.39,broken clouds
97,Geraldton,AU,-28.7667,114.6,45.01,87,2,9.22,clear sky
98,Severo-Kurilsk,RU,50.6789,156.125,52.09,73,98,19.42,overcast clouds
99,Jishou,CN,28.3167,109.7167,78.03,87,0,2.91,clear sky
100,Sao Joao Da Barra,BR,-21.6403,-41.0511,68.5,77,0,11.27,clear sky
101,Souillac,MU,-20.5167,57.5167,59.38,88,20,6.91,few clouds
102,Albany,US,42.6001,-73.9662,75.15,55,10,1.99,clear sky
103,Montepuez,MZ,-13.1256,38.9997,64.87,74,85,7.94,overcast clouds
104,Hermanus,ZA,-34.4187,19.2345,56.89,87,2,9.08,clear sky
105,Carnarvon,AU,-24.8667,113.6333,44.67,47,0,11.5,clear sky
106,Iqaluit,CA,63.7506,-68.5145,49.73,93,75,5.01,fog
107,Kruisfontein,ZA,-34.0033,24.7314,46.89,93,0,5.91,clear sky
108,Asau,RO,46.4333,26.4,65.32,94,19,3.4,light rain
109,Dabakala,CI,8.3667,-4.4333,76.55,71,98,2.08,overcast clouds
110,Kamina,CD,-8.7386,24.9906,59.95,39,41,0.85,scattered clouds
111,Birao,CF,10.2849,22.7882,70.88,95,81,4.29,broken clouds
112,Asfi,MA,32.2994,-9.2372,68.29,89,0,15.99,clear sky
113,Qaanaaq,GL,77.484,-69.3632,45.37,66,100,2.37,overcast clouds
114,Galesong,ID,-5.3166,119.3661,69.82,74,14,5.44,few clouds
115,Presidencia Roque Saenz Pena,AR,-26.7852,-60.4388,57.22,45,2,6.24,clear sky
116,Dunda,TZ,-8.1167,34.25,58.3,72,5,2.15,clear sky
117,Wattegama,LK,6.7989,81.4808,76.15,68,100,5.1,overcast clouds
118,General Salgado,BR,-20.6483,-50.3606,66.87,45,4,4.59,clear sky
119,Atuona,PF,-9.8,-139.0333,77.67,76,18,19.69,few clouds
120,Kloulklubed,PW,7.0419,134.2556,79.3,79,60,12.35,broken clouds
121,Kimbe,PG,-5.5502,150.1429,81.28,79,62,3.58,light rain
122,Frolovo,RU,49.7713,43.6622,81.59,32,13,6.46,few clouds
123,San Cristobal,VE,7.7669,-72.225,78.98,96,100,5.41,overcast clouds
124,Rafaela,AR,-31.2503,-61.4867,57.06,40,0,7.72,clear sky
125,Camacha,PT,33.0833,-16.3333,69.22,73,40,10.36,scattered clouds
126,Zhuanghe,CN,39.7008,122.9911,73.99,89,32,4.88,scattered clouds
127,Saint-Augustin,CA,51.226,-58.6502,61.21,81,97,13.65,overcast clouds
128,Anito,PH,12.4497,125.2886,83.25,77,100,10.89,overcast clouds
129,Bambous Virieux,MU,-20.3428,57.7575,59.25,88,20,6.91,few clouds
130,Aklavik,CA,68.2191,-135.0107,64.4,72,75,9.22,broken clouds
131,Hithadhoo,MV,-0.6,73.0833,81.59,69,100,4.88,overcast clouds
132,Hasaki,JP,35.7333,140.8333,84.29,84,94,11.65,overcast clouds
133,Bowen,AU,-20.0167,148.2333,59.22,66,7,6.89,clear sky
134,Butaritari,KI,3.0707,172.7902,82.85,71,48,5.12,light rain
135,Barrow,US,71.2906,-156.7887,44.62,81,90,20.71,overcast clouds
136,Port Keats,AU,-14.25,129.55,77.29,77,78,4.79,broken clouds
137,Portage,US,41.1667,-81.1998,75.47,43,1,5.75,clear sky
138,Vestmannaeyjar,IS,63.4427,-20.2734,53.06,87,100,3.13,overcast clouds
139,Rawson,AR,-43.3002,-65.1023,58.6,33,44,10.02,scattered clouds
140,Belmonte,BR,-15.8631,-38.8828,70.3,74,66,8.63,broken clouds
141,Newport,GB,51.5877,-2.9984,57.92,88,73,7.14,broken clouds
142,Hilo,US,19.7297,-155.09,77.4,78,90,9.22,light rain
143,Busselton,AU,-33.65,115.3333,54.19,75,100,7.36,overcast clouds
144,Juba,SS,4.8517,31.5825,70.23,92,93,3.89,overcast clouds
145,Saldanha,ZA,-33.0117,17.9442,53.65,70,0,3.69,clear sky
146,Maniitsoq,GL,65.4167,-52.9,47.19,90,100,5.88,overcast clouds
147,Arraial Do Cabo,BR,-22.9661,-42.0278,73.36,77,0,10.36,clear sky
148,Mana,GF,5.6592,-53.7767,77.38,87,41,7.54,scattered clouds
149,Nsoko,SZ,-27.0333,31.95,62.1,86,56,2.77,broken clouds
150,Sharjah,AE,25.3573,55.4033,93.18,71,18,3.44,haze
151,Bengkulu,ID,-3.8004,102.2655,74.88,88,55,3.42,broken clouds
152,Narsaq,GL,60.9167,-46.05,53.82,94,92,6.46,overcast clouds
153,Coos Bay,US,43.3665,-124.2179,99.86,88,75,23.02,broken clouds
154,Hamilton,US,39.1834,-84.5333,78.24,53,40,1.99,scattered clouds
155,Grindavik,IS,63.8424,-22.4338,53.55,87,75,6.91,broken clouds
156,Lata,PT,40.1629,-8.3327,64.04,95,25,1.52,scattered clouds
157,Amuntai,ID,-2.4177,115.2494,73.72,98,100,1.12,overcast clouds
158,Lander,US,42.833,-108.7307,89.06,21,1,3.44,clear sky
159,Tabuk,PH,17.4189,121.4443,78.67,81,100,1.28,overcast clouds
160,Mao,ES,39.8885,4.2658,73.96,73,20,6.91,few clouds
161,Tuktoyaktuk,CA,69.4541,-133.0374,50.0,87,90,9.22,light rain
162,Vila Velha,BR,-20.3297,-40.2925,72.97,78,0,0.0,clear sky
163,Muroto,JP,33.2833,134.15,78.84,68,68,2.26,broken clouds
164,Bedford,GB,52.1346,-0.4663,59.56,93,100,4.14,overcast clouds
165,Fortuna,US,40.5982,-124.1573,69.93,71,40,3.0,scattered clouds
166,Peniche,PT,39.3558,-9.3811,66.72,88,45,18.19,scattered clouds
167,Provideniya,RU,64.3833,-173.3,51.91,82,90,15.66,moderate rain
168,Kerema,PG,-7.9631,145.7785,76.32,89,100,1.9,overcast clouds
169,Yarmouth,US,41.7057,-70.2286,79.27,60,75,3.44,broken clouds
170,Lagoa,PT,39.05,-27.9833,72.01,92,5,4.81,clear sky
171,Yar-Sale,RU,66.8333,70.8333,54.95,93,98,5.12,overcast clouds
172,Bubaque,GW,11.2833,-15.8333,79.47,81,99,18.03,overcast clouds
173,Mitsamiouli,KM,-11.3847,43.2844,75.54,72,0,3.42,clear sky
174,Quatre Cocos,MU,-20.2078,57.7625,59.11,72,1,3.96,clear sky
175,Ilulissat,GL,69.2167,-51.1,57.22,47,75,5.75,broken clouds
176,Tasiilaq,GL,65.6145,-37.6368,46.56,82,100,2.53,overcast clouds
177,Peterhead,GB,57.5058,-1.7981,54.0,81,61,4.74,broken clouds
178,Codrington,AU,-38.2667,141.9667,46.81,87,98,10.25,overcast clouds
179,Yokote,JP,39.3,140.5667,78.96,80,94,2.13,overcast clouds
180,Eregli,TR,37.5133,34.0467,70.72,40,0,6.89,clear sky
181,Ereymentau,KZ,51.6199,73.1033,63.5,58,37,3.58,scattered clouds
182,Forestville,US,38.8451,-76.875,81.93,52,75,8.05,broken clouds
183,Upernavik,GL,72.7868,-56.1549,47.16,66,40,1.5,scattered clouds
184,Jefferson City,US,38.5767,-92.1735,82.31,39,20,8.99,few clouds
185,Zhovtneve,UA,50.6637,24.2492,56.07,93,15,6.4,few clouds
186,Bara,NG,10.3744,10.7288,73.9,89,80,6.15,broken clouds
187,Mae Sai,TH,20.4335,99.8762,74.52,100,100,1.21,overcast clouds
188,Grand Gaube,MU,-20.0064,57.6608,59.4,64,1,4.45,clear sky
189,Hofn,IS,64.2539,-15.2082,53.26,86,93,8.14,overcast clouds
190,Lazaro Cardenas,MX,17.9583,-102.2,85.95,72,14,8.63,few clouds
191,Ercis,TR,39.0287,43.3586,60.4,59,0,5.5,clear sky
192,Zeya,RU,53.75,127.2667,64.92,76,99,2.37,overcast clouds
193,Murgab,TM,37.4966,61.9714,80.47,24,0,9.22,clear sky
194,Zhigansk,RU,66.7697,123.3711,64.65,50,15,9.28,few clouds
195,Puerto Ayora,EC,-0.7393,-90.3518,76.96,84,69,9.6,broken clouds
196,Chapais,CA,49.7834,-74.8492,64.18,77,100,6.49,overcast clouds
197,Zvishavane,ZW,-20.3267,30.0665,55.11,33,0,2.06,clear sky
198,Vilhena,BR,-12.7406,-60.1458,80.82,36,0,9.22,clear sky
199,Avarua,CK,-21.2078,-159.775,80.65,74,90,12.66,moderate rain
200,Ontario,US,34.0633,-117.6509,111.74,18,1,3.0,clear sky
201,Ostrovnoy,RU,68.0531,39.5131,51.1,97,77,5.14,broken clouds
202,Tlaltenango,MX,19.1667,-98.3333,62.8,83,82,6.85,broken clouds
203,Kolpashevo,RU,58.3131,82.9089,55.26,90,100,3.27,overcast clouds
204,Yaan,NG,7.3833,8.5667,72.77,93,99,6.51,light rain
205,Beasain,ES,43.0502,-2.2009,63.54,95,50,0.85,scattered clouds
206,Kaeo,NZ,-35.1,173.7833,57.33,80,45,21.3,scattered clouds
207,Lago Da Pedra,BR,-4.3333,-45.1667,76.8,42,35,1.68,scattered clouds
208,Port Hueneme,US,34.1478,-119.1951,107.2,55,1,17.27,clear sky
209,Mogadishu,SO,2.0371,45.3438,75.78,84,80,17.87,light rain
210,Namibe,AO,-15.1961,12.1522,68.52,83,84,2.73,broken clouds
211,Kirakira,SB,-10.4544,161.9205,79.77,69,98,9.28,overcast clouds
212,Port Alfred,ZA,-33.5906,26.891,57.33,83,28,19.48,scattered clouds
213,Surazh,RU,53.0175,32.3918,58.14,94,18,11.14,few clouds
214,Malakal,SS,9.5334,31.6605,69.51,93,98,3.56,overcast clouds
215,Emerald,AU,-23.5333,148.1667,63.34,77,40,6.91,scattered clouds
216,Nichinan,JP,31.6,131.3667,79.75,83,49,5.77,scattered clouds
217,Hasanpur,IN,28.7167,78.2833,79.57,90,12,9.82,few clouds
218,Batie,BF,9.8833,-2.9167,74.91,75,90,4.5,overcast clouds
219,Namatanai,PG,-3.6667,152.4333,82.74,74,31,5.77,scattered clouds
220,Marrakesh,MA,31.6315,-8.0083,75.27,57,0,9.22,clear sky
221,Togur,RU,58.3631,82.8265,55.11,91,100,3.36,overcast clouds
222,Muros,ES,42.7762,-9.0603,61.99,81,84,7.56,broken clouds
223,Yakeshi,CN,49.2833,120.7333,62.42,78,37,3.49,scattered clouds
224,Clyde River,CA,70.4692,-68.5914,39.43,93,90,6.91,overcast clouds
225,Cabo San Lucas,MX,22.8909,-109.9124,98.82,66,45,12.26,scattered clouds
226,Port Hardy,CA,50.6996,-127.4199,64.58,63,40,12.66,scattered clouds
227,Talnakh,RU,69.4865,88.3972,68.34,52,100,4.99,overcast clouds
228,Alghero,IT,40.5589,8.3181,69.89,73,0,1.14,clear sky
229,Yining,CN,29.0361,114.5636,79.9,84,1,2.91,clear sky
230,Zhanaozen,KZ,43.3,52.8,85.06,17,7,7.78,clear sky
231,Dong Xoai,VN,11.5333,106.9167,73.76,98,100,2.57,overcast clouds
232,Camana,PE,-16.6228,-72.7111,63.23,80,24,5.95,few clouds
233,Tual,ID,-5.6667,132.75,81.84,71,97,19.35,overcast clouds
234,Kochevo,RU,59.5994,54.3125,58.35,95,79,2.71,broken clouds
235,Conakry,GN,9.538,-13.6773,78.87,89,75,6.91,broken clouds
236,Meulaboh,ID,4.1363,96.1285,74.46,85,75,5.3,light rain
237,Figeac,FR,44.75,1.9167,58.08,82,7,2.66,clear sky
238,Nandgaon,IN,20.3167,74.65,74.62,81,100,17.98,overcast clouds
239,Tazovskiy,RU,67.4667,78.7,55.42,84,55,6.53,broken clouds
240,Rameshki,RU,57.3439,36.0453,60.31,92,95,15.61,overcast clouds
241,Port Macquarie,AU,-31.4333,152.9167,60.89,91,100,15.79,overcast clouds
242,College,US,64.8569,-147.8028,84.15,42,20,6.91,few clouds
243,Tramandai,BR,-29.9847,-50.1336,51.78,87,0,6.11,clear sky
244,Najran,SA,17.4924,44.1277,81.25,45,100,12.93,overcast clouds
245,Gboko,NG,7.3179,8.9951,73.38,91,100,9.62,light rain
246,Banda Aceh,ID,5.5577,95.3222,79.16,79,92,13.49,overcast clouds
247,Kalmunai,LK,7.4167,81.8167,79.43,67,99,3.4,overcast clouds
248,Poltsamaa,EE,58.6525,25.9706,58.98,97,99,6.6,overcast clouds
249,Norman Wells,CA,65.282,-126.8329,84.24,34,20,6.91,smoke
250,Mori,JP,34.8333,137.9333,83.68,89,100,7.67,overcast clouds
251,Roma,US,43.2128,-75.4557,72.43,54,20,16.11,few clouds
252,Kholodnyy,RU,62.7167,147.95,46.98,56,8,4.14,clear sky
253,Salto,UY,-31.3833,-57.9667,53.87,82,0,4.0,clear sky
254,Kushmurun,KZ,52.4503,64.6311,69.08,56,54,5.55,broken clouds
255,Madimba,TZ,-10.4,40.3333,70.18,82,42,7.63,scattered clouds
256,Mamallapuram,IN,12.6264,80.1722,84.25,59,100,10.38,overcast clouds
257,Mezen,RU,65.8522,44.24,55.02,97,51,5.26,broken clouds
258,Baherden,TM,38.4362,57.4316,86.86,16,11,7.61,few clouds
259,Kuybysheve,UA,47.358,36.6491,72.66,60,27,7.07,scattered clouds
260,Steinbach,DE,50.1667,8.5667,60.08,92,20,2.3,few clouds
261,Makakilo City,US,21.3469,-158.0858,86.32,51,20,17.27,few clouds
262,Namtsy,RU,62.7161,129.6658,66.31,53,98,7.83,overcast clouds
263,Aqtobe,KZ,50.2797,57.2072,66.29,72,0,0.0,clear sky
264,Nalut,LY,30.3333,10.85,88.0,15,0,12.73,clear sky
265,Teguldet,RU,57.3064,88.1667,54.16,87,83,2.21,broken clouds
266,Tianpeng,CN,30.9866,103.9393,77.47,53,4,5.01,clear sky
267,Nurota,UZ,40.5614,65.6886,77.09,18,0,5.86,clear sky
268,Cayenne,GF,4.9333,-52.3333,81.09,82,37,3.44,scattered clouds
269,Taoudenni,ML,22.6783,-3.9836,94.41,32,86,12.17,overcast clouds
270,Hobyo,SO,5.3505,48.5268,77.36,76,49,23.09,scattered clouds
271,Waipawa,NZ,-41.4122,175.5153,48.83,87,100,12.15,overcast clouds
272,Tautira,PF,-17.7333,-149.15,82.42,73,99,14.03,overcast clouds
273,Ternate,ID,0.8,127.4,82.51,75,58,5.73,broken clouds
274,Fukue,JP,32.6881,128.8419,81.32,77,49,14.61,scattered clouds
275,Kaitangata,NZ,-46.2817,169.8464,48.92,64,100,10.65,overcast clouds
276,Northam,GB,51.0333,-4.2167,58.01,88,23,6.04,few clouds
277,Arroio Dos Ratos,BR,-30.0772,-51.7292,52.79,94,1,3.15,clear sky
278,Lakes Entrance,AU,-37.8811,147.981,48.18,86,100,9.84,overcast clouds
279,Januaria,BR,-15.4833,-44.3667,67.15,36,53,1.48,broken clouds
280,Moose Factory,CA,51.2585,-80.6094,68.0,77,90,6.91,overcast clouds
281,Ballina,AU,-28.8667,153.5667,66.16,94,90,8.05,overcast clouds
282,Takoradi,GH,4.8845,-1.7554,76.59,85,56,6.17,broken clouds
283,Deer Lake,CA,49.1667,-57.4316,69.66,56,75,8.05,broken clouds
284,Barillas,GT,15.8036,-91.3158,82.74,87,88,2.93,overcast clouds
285,Leningradskiy,RU,69.3833,178.4167,33.17,100,100,10.02,snow
286,Rosario,AR,-32.9468,-60.6393,57.81,51,0,1.99,clear sky
287,Saskylakh,RU,71.9167,114.0833,66.43,54,26,8.66,scattered clouds
288,Aitape,PG,-3.1374,142.3475,82.44,77,80,6.2,broken clouds
289,Sola,VU,-13.8833,167.55,75.16,59,87,13.29,overcast clouds
290,Bac Lieu,VN,9.285,105.7244,79.29,84,98,9.82,overcast clouds
291,Jiangyou,CN,31.7667,104.7167,74.95,80,11,5.12,few clouds
292,Basoko,CD,1.2391,23.616,74.52,77,99,1.05,overcast clouds
293,Umm Lajj,SA,25.0213,37.2685,88.68,46,6,1.5,clear sky
294,Sterling,US,39.0062,-77.4286,82.4,50,20,11.99,few clouds
295,Maragogi,BR,-9.0122,-35.2225,73.04,89,35,10.29,scattered clouds
296,Verkhoyansk,RU,67.5447,133.385,67.44,34,1,3.85,clear sky
297,Alyangula,AU,-13.8483,136.4192,69.67,100,75,0.0,mist
298,Lensk,RU,60.7253,114.9278,59.9,90,98,4.07,overcast clouds
299,Aksu,CN,41.1231,80.2644,74.52,32,94,11.5,overcast clouds
300,Talara,PE,-4.5772,-81.2719,70.56,73,0,13.8,clear sky
301,Waitara,NZ,-38.925,174.25,50.72,85,90,13.15,overcast clouds
302,Khatanga,RU,71.9667,102.5,67.64,58,80,10.67,broken clouds
303,Gavrilov Posad,RU,56.5597,40.1175,66.63,90,56,14.7,light rain
304,Cap-Aux-Meules,CA,47.3821,-61.8597,59.05,88,90,8.05,moderate rain
305,Zhuhai,CN,22.2769,113.5678,82.71,89,40,8.05,light intensity shower rain
306,Victoria,HK,22.2855,114.1577,84.33,92,100,1.01,light rain
307,Bumba,CD,2.1833,22.4667,72.34,86,99,2.39,overcast clouds
308,Ixtapa,MX,20.7,-105.2,88.83,66,40,14.97,scattered clouds
309,Tadine,NC,-21.55,167.8833,71.08,60,7,7.63,clear sky
310,Sorland,NO,67.667,12.6934,50.18,73,98,10.85,overcast clouds
311,Lasa,IT,46.6166,10.7002,58.08,91,53,0.51,broken clouds
312,Candido Mendes,BR,-1.4467,-45.7167,74.07,89,55,2.95,broken clouds
313,Torbay,CA,47.6666,-52.7314,65.48,74,100,6.4,overcast clouds
314,Kutum,SD,14.2,24.6667,72.86,65,34,13.65,scattered clouds
315,Khandyga,RU,62.6667,135.6,71.19,48,47,0.38,scattered clouds
316,Acajutla,SV,13.5928,-89.8275,100.74,73,100,6.2,overcast clouds
317,Temiscaming,CA,46.7212,-79.0971,72.95,43,85,6.91,overcast clouds
318,Amboasary,MG,-25.0333,46.3833,66.04,83,9,3.69,clear sky
319,Kenai,US,60.5544,-151.2583,77.02,56,1,8.05,clear sky
320,Karratha,AU,-20.7377,116.8463,58.48,27,6,17.4,clear sky
321,Nakonde,ZM,-9.3421,32.745,51.48,76,0,5.82,clear sky
322,Edendale,ZA,-29.6528,30.3147,52.63,94,87,2.53,overcast clouds
323,Muzhi,RU,65.3667,64.6667,51.35,85,72,0.92,broken clouds
324,Haimen,CN,23.1935,116.6142,80.49,87,60,2.24,broken clouds
325,Picota,PE,-6.9197,-76.3304,88.29,74,60,0.16,broken clouds
326,Rongcheng,CN,30.634,117.8517,78.66,93,48,6.42,light rain
327,Klaksvik,FO,62.2266,-6.589,49.12,85,100,11.56,overcast clouds
328,Tilichiki,RU,60.4667,166.1,51.76,48,73,21.61,broken clouds
329,Lodja,CD,-3.4833,23.4333,72.28,40,89,0.18,overcast clouds
330,Gibsons,CA,49.3997,-123.5027,89.76,67,1,1.63,clear sky
331,Vila Franca Do Campo,PT,37.7167,-25.4333,68.41,81,0,6.04,clear sky
332,Halifax,CA,44.6453,-63.5724,62.65,89,90,1.01,overcast clouds
333,Nouadhibou,MR,20.931,-17.0347,69.78,83,0,12.66,clear sky
334,Bethel,US,41.3712,-73.414,79.16,58,1,5.75,clear sky
335,Luderitz,NA,-26.6481,15.1594,66.61,37,0,2.64,clear sky
336,Ingham,US,42.6,-84.3833,76.57,56,40,3.44,scattered clouds
337,Bonavista,CA,48.6499,-53.1147,68.0,69,100,12.8,overcast clouds
338,Palaikastron,GR,35.2,26.25,82.89,54,0,15.57,clear sky
339,Houma,US,29.5958,-90.7195,87.01,78,72,11.72,broken clouds
340,Salalah,OM,17.0151,54.0924,77.09,94,90,6.91,overcast clouds
341,Waingapu,ID,-9.6567,120.2641,76.44,82,79,8.19,broken clouds
342,Kemijarvi,FI,66.7131,27.4306,46.27,80,99,4.03,overcast clouds
343,Olga,RU,43.7444,135.2892,68.58,95,100,2.13,overcast clouds
344,Akyab,MM,20.15,92.9,77.05,95,100,9.17,overcast clouds
345,Constitucion,CL,-35.3333,-72.4167,54.95,72,0,8.46,clear sky
346,Ciudad Bolivar,VE,8.1222,-63.5497,74.7,90,99,3.94,overcast clouds
347,Sioux Lookout,CA,50.1001,-91.917,79.18,41,90,8.05,smoke
348,Tadepallegudem,IN,16.8333,81.5,84.56,58,100,10.11,overcast clouds
349,Timmins,CA,48.4669,-81.3331,75.02,50,75,9.22,broken clouds
350,Portland,US,45.5234,-122.6762,101.21,40,20,10.36,few clouds
351,Anadyr,RU,64.75,177.4833,43.3,93,90,25.99,light rain
352,Kangaatsiaq,GL,68.3065,-53.4641,42.46,92,28,15.75,scattered clouds
353,Gat,IL,31.61,34.7642,82.4,48,0,2.82,clear sky
354,Dhone,IN,15.4167,77.8833,74.68,76,72,17.74,broken clouds
355,Ulladulla,AU,-35.35,150.4667,59.88,66,50,10.83,scattered clouds
356,Amga,RU,60.8953,131.9608,62.44,79,100,8.99,overcast clouds
357,Altamont,US,42.2068,-121.7372,97.79,15,1,4.0,clear sky
358,Bilibino,RU,68.0546,166.4372,34.43,85,99,12.3,overcast clouds
359,Batticaloa,LK,7.7102,81.6924,79.29,66,100,8.99,overcast clouds
360,Mayumba,GA,-3.432,10.6554,72.3,93,35,2.3,scattered clouds
361,Nizhniy Kuranakh,RU,58.8353,125.4869,57.11,90,99,3.6,overcast clouds
362,Galveston,US,29.3669,-94.9669,93.25,74,1,4.0,clear sky
363,Naze,JP,28.3667,129.4833,79.72,85,67,15.9,broken clouds
364,Poum,NC,-20.2333,164.0167,69.1,62,7,7.81,clear sky
365,Santa Rosa,PH,14.3122,121.1114,82.9,90,100,15.19,light rain
366,Harlingen,US,26.1906,-97.6961,98.26,52,20,10.36,few clouds
367,Campoverde,PE,-8.4753,-74.8058,85.69,54,2,3.51,clear sky
368,Koutiala,ML,12.3917,-5.4642,76.32,83,58,7.31,broken clouds
369,Creel,MX,27.75,-107.6333,67.19,60,81,1.43,broken clouds
370,Kieta,PG,-6.2167,155.6333,82.49,77,50,3.71,light rain
371,Marawi,PH,7.9986,124.2928,69.66,82,98,5.84,light rain
372,Makarov,RU,48.6333,142.8,61.43,77,45,5.28,scattered clouds
373,Dingle,PH,10.9995,122.6711,80.82,84,100,10.92,light rain
374,Goure,NE,13.9835,10.2704,78.03,63,56,13.42,broken clouds
375,Del Rio,US,29.3627,-100.8968,88.23,64,40,9.22,scattered clouds
376,Mahon,ES,39.8885,4.2658,73.96,73,20,6.91,few clouds
377,Vezirkopru,TR,41.1436,35.4547,72.09,82,0,2.08,clear sky
378,Kelcyre,AL,40.3131,20.1894,85.21,36,0,4.41,clear sky
379,Kununurra,AU,-15.7667,128.7333,75.18,41,66,8.05,broken clouds
380,Manokwari,ID,-0.8667,134.0833,81.59,73,89,4.14,overcast clouds
381,Pankovka,RU,58.5,31.1999,56.98,94,93,17.16,light rain
382,Monte Patria,CL,-30.6919,-70.9467,64.83,47,0,1.79,clear sky
383,Atambua,ID,-9.1061,124.8925,72.99,80,78,4.43,broken clouds
384,Prokhorovka,RU,51.0374,36.7325,72.97,92,100,6.76,light rain
385,Necochea,AR,-38.5473,-58.7368,54.03,71,12,11.23,few clouds
386,Oktyabrskiy,RU,54.4815,53.471,72.01,43,68,4.14,broken clouds
387,Chimbote,PE,-9.0853,-78.5783,66.09,80,7,9.4,clear sky
388,Ambovombe,MG,-25.1667,46.0833,64.62,79,1,4.97,clear sky
389,Axim,GH,4.8699,-2.2405,76.75,86,60,6.49,broken clouds
390,Erice,IT,38.037,12.5865,77.95,83,0,1.14,clear sky
391,Vostok,RU,46.4856,135.8833,72.79,75,60,0.34,broken clouds
392,Henties Bay,NA,-22.116,14.2845,64.85,71,0,10.38,clear sky
393,Sorong,ID,-0.8833,131.25,79.63,83,56,6.4,broken clouds
394,Dandong,CN,40.1292,124.3947,73.67,91,61,2.33,broken clouds
395,Bad Nenndorf,DE,52.3333,9.3667,60.55,72,75,6.91,light rain
396,Kulhudhuffushi,MV,6.6221,73.07,82.0,73,95,6.78,overcast clouds
397,Altay,CN,47.8667,88.1167,62.31,42,0,5.66,clear sky
398,Dalby,AU,-27.1833,151.2667,61.99,89,99,3.0,light rain
399,Port-Gentil,GA,-0.7193,8.7815,75.16,88,75,5.75,broken clouds
400,Tutoia,BR,-2.7619,-42.2744,77.9,77,10,7.65,clear sky
401,Mancio Lima,BR,-7.6142,-72.8958,86.07,45,0,3.44,clear sky
402,Zyryanka,RU,65.75,150.85,50.2,54,74,6.91,broken clouds
403,Westport,US,41.1415,-73.3579,81.91,52,1,1.01,clear sky
404,Sakakah,SA,29.9697,40.2064,87.37,13,0,7.63,clear sky
405,Chavinda,MX,20.0167,-102.45,78.15,56,19,4.9,few clouds
406,Bayan,CN,46.0833,127.4,71.1,95,100,7.07,moderate rain
407,Batemans Bay,AU,-35.7167,150.1833,56.91,58,56,11.9,broken clouds
408,Ahipara,NZ,-35.1667,173.1667,54.52,83,21,28.79,few clouds
409,Indramayu,ID,-6.3264,108.32,77.18,78,58,8.25,broken clouds
410,Paso De Carrasco,UY,-34.8603,-56.0522,45.05,93,20,0.0,fog
411,America Dourada,BR,-11.4553,-41.4361,64.76,79,99,8.84,overcast clouds
412,Porto Santo,PT,33.072,-16.3415,71.98,73,40,10.36,scattered clouds
413,Hambantota,LK,6.1241,81.1185,79.23,80,100,18.92,overcast clouds
414,Soyo,AO,-6.1349,12.3689,72.23,87,40,5.64,scattered clouds
415,Neiafu,TO,-18.65,-173.9833,77.68,69,40,4.61,scattered clouds
416,Sovetskaya,RU,44.7769,41.1722,68.05,63,26,5.06,scattered clouds
417,Laguna,US,38.421,-121.4238,102.24,16,1,3.0,clear sky
418,Saint-Joseph,RE,-21.3667,55.6167,65.21,71,5,1.5,clear sky
419,Port Hedland,AU,-20.3167,118.5667,50.05,34,33,8.05,scattered clouds
420,Phangnga,TH,8.4509,98.5298,84.9,93,99,5.88,overcast clouds
421,Hillsborough,US,37.5741,-122.3794,93.33,60,40,21.0,scattered clouds
422,Tupik,RU,54.4253,119.9327,54.91,95,96,1.45,light rain
423,Flinders,AU,-34.5833,150.8552,60.06,84,52,3.0,broken clouds
424,Aban,RU,56.67,96.06,56.93,90,30,5.01,scattered clouds
425,Itarema,BR,-2.9248,-39.9167,76.66,77,7,5.12,clear sky
426,Kawalu,ID,-7.3817,108.2082,71.49,98,98,2.06,overcast clouds
427,Cherskiy,RU,68.75,161.3,44.69,52,74,16.51,broken clouds
428,Goundam,ML,16.4145,-3.6708,92.8,39,64,6.91,broken clouds
429,Husavik,IS,66.0449,-17.3389,53.51,90,80,2.86,broken clouds
430,Olafsvik,IS,64.8945,-23.7142,52.97,82,100,5.1,overcast clouds
431,Natal,BR,-5.795,-35.2094,77.22,83,75,6.91,broken clouds
432,Launceston,AU,-41.45,147.1667,44.15,95,100,6.91,overcast clouds
433,Riachao,BR,-7.3619,-46.6172,76.33,29,12,4.03,few clouds
434,Pangnirtung,CA,66.1451,-65.7125,46.4,93,90,13.8,overcast clouds
435,Kavieng,PG,-2.5744,150.7967,83.48,76,27,10.87,light rain
436,Stromness,GB,58.965,-3.296,48.45,74,20,7.05,few clouds
437,Chernyshevskiy,RU,63.0128,112.4714,65.55,45,45,8.43,scattered clouds
438,Sur,OM,22.5667,59.5289,87.98,58,62,10.38,broken clouds
439,Kandava,LV,57.0409,22.7747,51.03,96,8,5.5,clear sky
440,Iranshahr,IR,27.2025,60.6848,92.48,40,95,0.94,overcast clouds
441,Omsukchan,RU,62.5333,155.8,35.74,92,99,7.87,light rain
442,Viedma,AR,-40.8135,-62.9967,58.23,32,44,9.19,scattered clouds
443,El Pino,HN,15.7,-86.9333,87.48,83,75,11.5,broken clouds
444,Bahia Blanca,AR,-38.7196,-62.2724,58.01,42,11,14.63,few clouds
445,San Carlos De Bariloche,AR,-41.1456,-71.3082,53.35,62,75,11.5,broken clouds
446,Tacoronte,ES,28.4769,-16.4102,68.25,74,75,21.0,broken clouds
447,Kodinsk,RU,58.6881,99.1844,58.8,76,21,0.51,few clouds
448,Gympie,AU,-26.1898,152.665,66.31,72,19,4.32,few clouds
449,Popondetta,PG,-8.7537,148.2534,82.76,65,78,1.5,broken clouds
450,Kungurtug,RU,50.5994,97.5228,46.27,95,100,1.32,overcast clouds
